{"cameraMode":{"drawMode":0,"name":"Shaded","section":"Shading Mode"},"sceneLighting":true,"audioPlay":false,"sceneViewState":{"m_AlwaysRefresh":false,"showFog":true,"showSkybox":true,"showFlares":true,"showImageEffects":true,"showParticleSystems":true,"showVisualEffectGraphs":true,"m_FxEnabled":false},"in2DMode":false,"pivot":{"x":0.6317206621170044,"y":0.4626736640930176,"z":0.4658944010734558},"rotation":{"x":0.47141721844673159,"y":-0.4165470600128174,"z":0.2692902386188507,"w":0.7292048931121826},"size":5.867611885070801,"orthographic":false}